{
    "language": "en",
	"commands": {
		"mytoken": {
			"usage": "/mytoken",
			"description": "Shows your token"
		},
		"toptoken": {
			"usage": "/toptoken [page]",
			"description": "Shows top token of this server"
		},
		"settoken": {
			"usage": "/settoken <player> <amount>",
			"description": "Set token of player"
		},
		"seetoken": {
			"usage": "/seetoken <player>",
			"description": "Shows token of player"
		},
		"givetoken": {
			"usage": "/givetoken <player> <amount>",
			"description": "Gives token to player"
		},
		"taketoken": {
			"usage": "/taketoken <player> <amount>",
			"description": "Takes token from player"
		},
		"pay": {
			"usage": "/pay <player> <amount>",
			"description": "Pays token to player"
		},
		"setlang": {
			"usage": "/setlang <language>",
			"description": "Set your language"
		},
		"mystatus": {
			"usage": "/mystatus",
			"description": "Shows your status of token"
		}
	},
    "language-set": "Language set to %1 by onebone",
    "request-cancelled": "Your request was cancelled",
    "player-not-connected": "Player %1 is not online.",
    "player-never-connected": "Player %1 was never connected.",
    "toptoken-tag": "- Showing top token list (%1 of %2) -",
    "toptoken-format": "[%1] %2: %3",
    "pay-failed": "Failed to pay.",
    "pay-success": "Paid %MONETARY_UNIT%%1 to %2.",
    "token-paid": "%1 gave you %MONETARY_UNIT%%2.",
    "taketoken-must-be-number": "Amount must be numeric",
    "taketoken-invalid-number": "Invalid number",
    "taketoken-player-lack-of-token": "%1 does not have enough %MONETARY_UNIT%%2. %1's token : %MONETARY_UNIT%%3",
    "taketoken-token-taken": "Your %MONETARY_UNIT%%1 have been taken",
    "taketoken-took-token": "Taken %MONETARY_UNIT%%2 from %1",
    "taketoken-failed": "You have failed to take token",
    "givetoken-must-be-number": "Amount must be numeric",
    "givetoken-invalid-number": "Invalid number",
    "givetoken-token-given": "You have earned %MONETARY_UNIT%%1",
    "givetoken-gave-token": "Gave %MONETARY_UNIT%%1 to %2",
    "seetoken-seetoken": "Player %1's token : %2",
    "settoken-settoken": "Player %1's token has been set to %MONETARY_UNIT%%2",
    "settoken-set": "Your token was set to %MONETARY_UNIT%%1",
    "settoken-failed": "Failed to set token due to unknown error",
    "settoken-invalid-number": "%MONETARY_UNIT%%1 must be a numeric value",
    "mytoken-mytoken": "Your token : %MONETARY_UNIT%%1",
    "mystatus-show": "My token status : %1%"
}
